{"cameraMode":{"drawMode":0,"name":"Shaded","section":"Shading Mode"},"sceneLighting":true,"audioPlay":false,"sceneViewState":{"m_AlwaysRefresh":false,"showFog":true,"showSkybox":true,"showFlares":true,"showImageEffects":true,"showParticleSystems":true,"showVisualEffectGraphs":true,"m_FxEnabled":true},"in2DMode":false,"pivot":{"x":-16.244102478027345,"y":5.565962791442871,"z":-30.021202087402345},"rotation":{"x":0.0005211877287365496,"y":0.9965549111366272,"z":-0.08271339535713196,"w":0.006279287859797478},"size":43.27591323852539,"orthographic":false}